{
  "generated_at": "2024-01-15T10:30:00Z",
  "metrics": {
    "_totals": {
      "SEVERITY": {
        "UNDEFINED": 0,
        "LOW": 3, 
        "MEDIUM": 2,
        "HIGH": 1
      },
      "CONFIDENCE": {
        "UNDEFINED": 0,
        "LOW": 1,
        "MEDIUM": 3,
        "HIGH": 2
      }
    }
  },
  "results": [
    {
      "code": "5     password = \"secret123\"\n6     connect_to_db(password)",
      "filename": "app/database.py",
      "issue_confidence": "HIGH", 
      "issue_severity": "HIGH",
      "issue_text": "Possible hardcoded password: 'secret123'",
      "line_number": 5,
      "line_range": [5, 6],
      "more_info": "https://bandit.readthedocs.io/en/latest/plugins/b105_hardcoded_password_string.html",
      "test_id": "B105",
      "test_name": "hardcoded_password_string"
    },
    {
      "code": "12    eval(user_input)",
      "filename": "app/processor.py", 
      "issue_confidence": "MEDIUM",
      "issue_severity": "MEDIUM",
      "issue_text": "Use of unsafe function eval",
      "line_number": 12,
      "line_range": [12, 12],
      "more_info": "https://bandit.readthedocs.io/en/latest/plugins/b307_eval.html",
      "test_id": "B307",
      "test_name": "eval_used"
    },
    {
      "code": "8    subprocess.call(command, shell=True)",
      "filename": "app/runner.py",
      "issue_confidence": "MEDIUM",
      "issue_severity": "MEDIUM", 
      "issue_text": "Starting a process with a shell: True.",
      "line_number": 8,
      "line_range": [8, 8],
      "more_info": "https://bandit.readthedocs.io/en/latest/plugins/b602_subprocess_popen_with_shell_equals_true.html",
      "test_id": "B602",
      "test_name": "subprocess_popen_with_shell_equals_true"
    },
    {
      "code": "25    pickle.loads(data)",
      "filename": "app/serializer.py",
      "issue_confidence": "LOW",
      "issue_severity": "LOW",
      "issue_text": "Use of unsafe pickle module",
      "line_number": 25, 
      "line_range": [25, 25],
      "more_info": "https://bandit.readthedocs.io/en/latest/plugins/b301_pickle.html",
      "test_id": "B301",
      "test_name": "pickle_used"
    }
  ]
}