{
  "project": {
    "name": "my-awesome-project",
    "key": "com.company:my-awesome-project"
  },
  "analysisDate": "2024-01-15T10:30:00Z",
  "qualityGate": {
    "status": "ERROR"
  },
  "issues": [
    {
      "key": "AW40MX6L-8SXder5d7w1",
      "rule": "squid:S0010",
      "severity": "MAJOR",
      "component": "src/main/java/com/company/Controller.java",
      "project": "my-awesome-project",
      "line": 25,
      "message": "Remove this unused import 'java.util.ArrayList'.",
      "type": "CODE_SMELL",
      "status": "OPEN"
    },
    {
      "key": "AW40MX6L-8SXder5d7w2", 
      "rule": "squid:S2077",
      "severity": "CRITICAL",
      "component": "src/main/java/com/company/AuthService.java",
      "project": "my-awesome-project", 
      "line": 42,
      "message": "Make sure creating this cookie without the \"HttpOnly\" flag is safe.",
      "type": "VULNERABILITY",
      "status": "OPEN"
    },
    {
      "key": "AW40MX6L-8SXder5d7w3",
      "rule": "squid:S0012",
      "severity": "MINOR", 
      "component": "src/main/java/com/company/Utils.java",
      "project": "my-awesome-project",
      "line": 15,
      "message": "Method names should comply with a naming convention.",
      "type": "CODE_SMELL",
      "status": "OPEN"
    }
  ],
  "components": [
    {
      "key": "my-awesome-project:src/main/java/com/company/Controller.java",
      "name": "Controller.java",
      "path": "src/main/java/com/company/Controller.java",
      "issues": [
        {
          "key": "AW40MX6L-8SXder5d7w4",
          "rule": "squid:S106",
          "severity": "MAJOR",
          "line": 33,
          "message": "Replace this use of System.out by a logger.",
          "type": "CODE_SMELL",
          "status": "OPEN"
        }
      ]
    }
  ],
  "measures": [
    {
      "metric": "coverage",
      "value": "85.2"
    },
    {
      "metric": "bugs", 
      "value": "2"
    },
    {
      "metric": "vulnerabilities",
      "value": "1"
    },
    {
      "metric": "code_smells",
      "value": "15"
    }
  ]
}