{
  "@generated": "Mon, 15 Jan 2024 10:30:00",
  "@version": "2.11.0",
  "site": [
    {
      "@name": "https://example.com",
      "@host": "example.com",
      "@port": "443",
      "@ssl": "true",
      "alerts": [
        {
          "pluginid": "10010",
          "alert": "Cookie No HttpOnly Flag",
          "name": "Cookie No HttpOnly Flag",
          "riskcode": "1",
          "confidence": "2",
          "riskdesc": "Low (Medium)",
          "desc": "<p>The cookie does not have the HttpOnly flag set.</p>",
          "instances": [
            {
              "uri": "https://example.com/login",
              "method": "GET",
              "param": "session_id"
            }
          ],
          "count": "1",
          "solution": "<p>Ensure that the HttpOnly flag is set for all cookies.</p>",
          "otherinfo": "<p>The HttpOnly flag prevents client-side scripts from accessing the cookie.</p>",
          "reference": "<p>https://owasp.org/www-community/HttpOnly</p>",
          "cweid": "1004",
          "wascid": "13"
        },
        {
          "pluginid": "10011", 
          "alert": "Cross-Domain JavaScript Source File Inclusion",
          "name": "Cross-Domain JavaScript Source File Inclusion",
          "riskcode": "2",
          "confidence": "2",
          "riskdesc": "Medium (Medium)",
          "desc": "<p>The page includes one or more script files from a third-party domain.</p>",
          "instances": [
            {
              "uri": "https://example.com/dashboard",
              "method": "GET", 
              "param": "src"
            }
          ],
          "count": "2",
          "solution": "<p>Ensure JavaScript source files are loaded from trusted sources.</p>",
          "reference": "<p>https://cheatsheetseries.owasp.org/cheatsheets/Cross_Site_Scripting_Prevention_Cheat_Sheet.html</p>",
          "cweid": "829",
          "wascid": "15"
        },
        {
          "pluginid": "40012",
          "alert": "Content Security Policy (CSP) Header Not Set",
          "name": "Content Security Policy (CSP) Header Not Set", 
          "riskcode": "1",
          "confidence": "2",
          "riskdesc": "Low (Medium)",
          "desc": "<p>Content Security Policy (CSP) header is not set.</p>",
          "instances": [
            {
              "uri": "https://example.com/",
              "method": "GET"
            }
          ],
          "count": "5",
          "solution": "<p>Implement a Content Security Policy.</p>",
          "reference": "<p>https://developer.mozilla.org/en-US/docs/Web/HTTP/CSP</p>",
          "cweid": "693",
          "wascid": "15"
        }
      ]
    }
  ]
}